<?xml version="1.0" encoding="UTF-8"?>
<project-private xmlns="http://www.netbeans.org/ns/project-private/1">
    <editor-bookmarks xmlns="http://www.netbeans.org/ns/editor-bookmarks/2" lastBookmarkId="0"/>
    <open-files xmlns="http://www.netbeans.org/ns/projectui-open-files/2">
        <group>
            <file>file:/C:/Users/isabela_bittencourt/Documents/Empresa/Empresa_ISABELA/public_html/css.css</file>
            <file>file:/C:/Users/isabela_bittencourt/Documents/Empresa/Empresa_ISABELA/public_html/produto.html</file>
            <file>file:/C:/Users/isabela_bittencourt/Documents/Empresa/Empresa_ISABELA/public_html/js.js</file>
            <file>file:/C:/Users/isabela_bittencourt/Documents/Empresa/Empresa_ISABELA/public_html/cssh.css</file>
            <file>file:/C:/Users/isabela_bittencourt/Documents/Empresa/Empresa_ISABELA/public_html/index.html</file>
            <file>file:/C:/Users/isabela_bittencourt/Documents/Empresa/Empresa_ISABELA/public_html/jsp.js</file>
            <file>file:/C:/Users/isabela_bittencourt/Documents/Empresa/Empresa_ISABELA/public_html/historia.html</file>
            <file>file:/C:/Users/isabela_bittencourt/Documents/Empresa/Empresa_ISABELA/public_html/cssp.css</file>
            <file>file:/C:/Users/isabela_bittencourt/Documents/Empresa/Empresa_ISABELA/public_html/jsh.js</file>
        </group>
    </open-files>
</project-private>
